http://www.chitadelivery.co.il/,
http://www.chitadelivery.co.il/%D7%A9%D7%9C%D7%99%D7%97%D7%95%D7%99%D7%95%D7%AA,
https://getpackage.com/%D7%9E%D7%A9%D7%9C%D7%95%D7%97%D7%99%D7%9D-%D7%91%D7%90%D7%A8%D7%A5/,
https://getpackage.com/,
https://www.hfd.co.il/,
https://www.zig-zag.co.il/,
https://jinjo.co.il/,
https://www.ratz.co.il/,
https://www.pickpack.co.il/,
https://migvan2u.co.il/,
https://www.magen-b.co.il/,
https://www.dvora.co.il/,
https://kexpress.co.il/,
https://h-t.co.il/%D7%A9%D7%9C%D7%99%D7%97%D7%95%D7%99%D7%95%D7%AA-%D7%91%D7%90%D7%A8%D7%A5/,
https://www.hafoz.co.il/,
https://www.kezdelivery.com/,
https://yahavlog.co.il/,
https://www.liorexpress.com/,
https://dealdelivery.co.il/,
https://www.tapuzdelivery.co.il/,
http://www.mach1.co.il/,
http://www.azraz.co.il/,
http://www.ydm.co.il/,
https://monopoli.co.il/blog-business/how-to-start-business/%D7%90%D7%99%D7%9A-%D7%9C%D7%A4%D7%AA%D7%95%D7%97-%D7%A9%D7%99%D7%A8%D7%95%D7%AA%D7%99-%D7%A9%D7%9C%D7%99%D7%97%D7%99%D7%9D-%D7%91%D7%99%D7%A9%D7%A8%D7%90%D7%9C,
http://www.ibdelivery.co.il/,
https://www.drushim.co.il/jobs/search/%D7%97%D7%91%D7%A8%D7%AA+%D7%A9%D7%9C%D7%99%D7%97%D7%95%D7%99%D7%95%D7%AA/,
https://www.t.co.il/869-%D7%A9%D7%9C%D7%99%D7%97%D7%95%D7%99%D7%95%D7%AA.html,
https://knaf.co.il/,
http://www.rimon-delivery.co.il/,
https://www.kala-crm.co.il/%D7%90%D7%99%D7%A0%D7%98%D7%92%D7%A8%D7%A6%D7%99%D7%94-%D7%A2%D7%9D-%D7%97%D7%91%D7%A8%D7%95%D7%AA-%D7%A9%D7%99%D7%9C%D7%95%D7%97,
https://www.d.co.il/h-c49050-e0-p0-l0/,
https://mypost.israelpost.co.il/%D7%93%D7%95%D7%90%D7%A8-%D7%A9%D7%9C%D7%99%D7%97%D7%99%D7%9D/%D7%9E%D7%94%D7%99%D7%A8-%D7%90%D7%A7%D7%A1%D7%A4%D7%A8%D7%A1-%D7%A9%D7%99%D7%A8%D7%95%D7%AA-%D7%94%D7%9E%D7%A9%D7%9C%D7%95%D7%97%D7%99%D7%9D-%D7%94%D7%9B%D7%99-%D7%9E%D7%94%D7%99%D7%A8-%D7%91%D7%90%D7%A8%D7%A5/,
https://www.ups.com/il/iw/shipping/international/services.page,
https://gett.com/il/delivery/,
https://brokerli.com/properties/%D7%97%D7%91%D7%A8%D7%AA-%D7%A9%D7%9C%D7%99%D7%97%D7%95%D7%99%D7%95%D7%AA-%D7%95%D7%95%D7%AA%D7%99%D7%A7%D7%94-%D7%9C%D7%9E%D7%9B%D7%99%D7%A8%D7%94-1-%D7%9E%D7%99%D7%9C%D7%99%D7%95%D7%9F/,
https://buzzr.biz/%D7%A6%D7%95%D7%A8-%D7%A7%D7%A9%D7%A8/,
https://www.geektime.co.il/bringgnow-up-free-for-small-businesses/,
https://www.calcalist.co.il/articles/0,7340,L-3757049,00.html,
http://www.mehiruthaor.co.il/,
https://www.maariv.co.il/culture/theater-art/Article-760213,
http://tamnon.co.il/,
https://www.dhl.co.il/he/express/domestic_services.html,
https://context.reverso.net/%D7%AA%D7%A8%D7%92%D7%95%D7%9D/%D7%A2%D7%91%D7%A8%D7%99%D7%AA-%D7%90%D7%A0%D7%92%D7%9C%D7%99%D7%AA/%D7%A9%D7%9C%D7%99%D7%97%D7%95%D7%99%D7%95%D7%AA,
https://www.hasapakim.co.il/deliveries/,
https://wolt.com/he/couriers,
https://www.israelon.co.il/,
https://www.tsdelivery.co.il/,
https://www.terminalx.com/help-shipping,
https://www.haaretz.co.il/gallery/theater/.premium-1.8760780,
https://www.pakalot.com/,
https://www.business-tips.co.il/starting-a-business/courier-company/,
https://www.ynet.co.il/articles/0,7340,L-4824331,00.html,
https://www.b144.co.il/%D7%A9%D7%9C%D7%99%D7%97%D7%95%D7%99%D7%95%D7%AA/,
http://antilopa.co.il/%D7%97%D7%91%D7%A8%D7%AA-%D7%A9%D7%9C%D7%99%D7%97%D7%95%D7%99%D7%95%D7%AA-%D7%90%D7%9E%D7%99%D7%A0%D7%94-%D7%9C%D7%94%D7%A2%D7%91%D7%A8%D7%94-%D7%9E%D7%94%D7%99%D7%A8%D7%94-%D7%95%D7%91/,
http://bar-ltd.co.il/,
https://originalconcepts.co.il/tag/%D7%97%D7%91%D7%A8%D7%AA-%D7%A9%D7%9C%D7%99%D7%97%D7%95%D7%99%D7%95%D7%AA/,
https://www.0404.co.il/?p=38481,
https://www.isgav.co.il/blog/,
https://wecommerce.co.il/%D7%90%D7%99%D7%9A-%D7%9C%D7%A0%D7%94%D7%9C-%D7%90%D7%AA-%D7%97%D7%91%D7%A8%D7%AA-%D7%94%D7%A9%D7%9C%D7%99%D7%97%D7%95%D7%99%D7%95%D7%AA-%D7%A9%D7%9C-%D7%90%D7%AA%D7%A8-%D7%94%D7%90%D7%99%D7%A7%D7%95/,
https://www.mako.co.il/culture-books-and-theatre/articles/Article-2cf7b75cc627171026.htm,
https://raanana-city.co.il/professional_cats/%D7%A9%D7%9C%D7%99%D7%97%D7%95%D7%99%D7%95%D7%AA-%D7%91%D7%A8%D7%A2%D7%A0%D7%A0%D7%94/,
https://www.israelhayom.co.il/article/505879,
https://paxxi.net/,
https://www.alljobs.co.il/SearchResultsGuest.aspx?page=1&position=1137&type=&city=&region=,
http://www.h-s-p.co.il/,
https://snirgo.co.il/%D7%97%D7%91%D7%A8%D7%AA-%D7%A9%D7%9C%D7%99%D7%97%D7%95%D7%99%D7%95%D7%AA-%D7%9B%D7%9C-%D7%94%D7%90%D7%A8%D7%A5/,
http://galgalimltd.com/,
https://mydelivery.co.il/,
https://www.b144biz.co.il/%D7%98%D7%99%D7%A4%D7%99%D7%9D-%D7%9C%D7%A2%D7%A1%D7%A7%D7%99%D7%9D/%D7%9C%D7%9E%D7%94-%D7%97%D7%A9%D7%95%D7%91-%D7%9C%D7%A2%D7%A1%D7%A7-%D7%A7%D7%98%D7%9F-%D7%9C%D7%A2%D7%91%D7%95%D7%93-%D7%A2%D7%9D-%D7%97%D7%91%D7%A8%D7%AA-%D7%A9%D7%9C%D7%99%D7%97%D7%95%D7%99%D7%95%D7%AA/,
https://www.consumers.org.il/category/complaints-regarding-deliveries,
https://www.facebook.com/galgalimltd/,
http://www.concord1.co.il/%D7%9B%D7%9C-%D7%A9%D7%9C%D7%99%D7%97%D7%95%D7%AA,
https://hashaliach.co.il/,
http://www.hurrican.co.il/,
https://www.globes.co.il/news/article.aspx?did=1001325204,
https://www.orian.com/,
https://www.hovalot.org.il/?p=6526,
https://www.habonimdror.org.il/private-courier-or-company/,
https://www.shaliach.co.il/,
https://new.katzd.co.il/,
https://metrodan.co.il/%D7%97%D7%91%D7%A8%D7%AA-%D7%A9%D7%9C%D7%99%D7%97%D7%95%D7%99%D7%95%D7%AA-%D7%9E%D7%A9%D7%9C%D7%95%D7%97%D7%99%D7%9D-%D7%93%D7%95%D7%90%D7%A8-%D7%A9%D7%9C%D7%99%D7%97%D7%99%D7%9D-24/,
https://www.exelot.com/he/%D7%9E%D7%A2%D7%A7%D7%91-%D7%9E%D7%A9%D7%9C%D7%95%D7%97%D7%99%D7%9D/,
https://kalcanesher.site123.me/,
https://www.delawvery.com/,
https://gcx.co.il/,
http://www.mashexpress.co.il/,
https://www.ushops.co.il/,
https://www.youtube.com/watch?v=usBb8QGnmBs,
https://quickpack.co.il/,
https://get-marketing.co.il/mayadelivery/,
https://couriersclub.com/blog/%D7%A4%D7%AA%D7%99%D7%97%D7%AA-%D7%A2%D7%95%D7%A1%D7%A7-%D7%90%D7%95-%D7%A2%D7%91%D7%95%D7%93%D7%94-%D7%A2%D7%9D-%D7%97%D7%91%D7%A8%D7%95%D7%AA-%D7%A7%D7%91%D7%9C%D7%9F/,
https://carsforum.co.il/topic/571140-%D7%97%D7%91%D7%A8%D7%AA-%D7%A9%D7%9C%D7%99%D7%97%D7%95%D7%99%D7%95%D7%AA-%D7%9E%D7%95%D7%9E%D7%9C%D7%A6%D7%AA-%D7%9C%D7%9B-400-%D7%97%D7%91%D7%99%D7%9C%D7%95%D7%AA-%D7%91%D7%97%D7%95%D7%93%D7%A9/,
https://www.arm.co.il/,
https://shipping-service-1543.business.site/,
http://www.simada.co.il/about/delivery-policy,
https://www.hebrew-buy.co.il/recommended-delivery-companies/,
https://timeout.co.il/topic/%D7%9E%D7%A9%D7%9C%D7%95%D7%97%D7%99%D7%9D-2/,
https://localsale.co.il/important-facts-about-a-messenger-company-in-israel/,
https://noyhasade.co.il/,
https://shefa-online.co.il/,
